"Codon","Aminoacido","frecuencia_codones"
"GCT","Ala",47205
"GCC","Ala",125877
"GCA","Ala",48451
"GCG","Ala",128553
"TGT","Cys",18577
"TGC","Cys",48753
"GAT","Asp",26457
"GAC","Asp",69072
"GAA","Glu",25819
"GAG","Glu",53252
"TTT","Phe",2920
"TTC","Phe",25665
"GGT","Gly",60614
"GGC","Gly",125406
"GGA","Gly",53377
"GGG","Gly",77636
"CAT","His",20229
"CAC","His",54072
"ATT","Ile",2323
"ATC","Ile",26343
"ATA","Ile",1951
"AAA","Lys",2894
"AAG","Lys",19520
"TTA","Leu",1091
"TTG","Leu",13845
"CTT","Leu",19320
"CTC","Leu",53184
"CTA","Leu",6447
"CTG","Leu",51327
"ATG","Met",19801
"AAT","Asn",2339
"AAC","Asn",18662
"CCT","Pro",50209
"CCC","Pro",77682
"CCA","Pro",48817
"CCG","Pro",143979
"CAA","Gln",13860
"CAG","Gln",53806
"CGT","Arg",64373
"CGC","Arg",127929
"CGA","Arg",77670
"CGG","Arg",142138
"AGA","Arg",18380
"AGG","Arg",51472
"TCT","Ser",18319
"TCC","Ser",54318
"TCA","Ser",24464
"TCG","Ser",78150
"AGT","Ser",16246
"AGC","Ser",49459
"ACT","Thr",16223
"ACC","Thr",61869
"ACA","Thr",18681
"ACG","Thr",64678
"GTT","Val",18266
"GTC","Val",69904
"GTA","Val",17098
"GTG","Val",54030
"TGG","Trp",47341
"TAT","Tyr",1901
"TAC","Tyr",17044
"TAA","Stop",1153
"TAG","Stop",6692
"TGA","Stop",24628
